Nama Produk,Harga,Rating,Terjual,Link Produk
HMNS Perfume - Addict 100ml,369000,5.0,250,https://www.tokopedia.com/hmnsperfume/hmns-perfume-addict-100ml-1730916482714404073?extParam=whid%3D6651138%26src%3Dshop&aff_unique_id=&channel=others&chain_key=
HMNS Perfume - Untitled Humans Aroma 02 100ml,385000,5.0,500,https://www.tokopedia.com/hmnsperfume/hmns-perfume-untitled-humans-aroma-02-100ml?extParam=whid%3D6651138%26src%3Dshop&aff_unique_id=&channel=others&chain_key=
HMNS Perfume - Essence of the Night EON 100ml,380000,5.0,1000,https://www.tokopedia.com/hmnsperfume/hmns-perfume-essence-of-the-night-eon-100ml?extParam=src%3Dshop%26whid%3D14569024&aff_unique_id=&channel=others&chain_key=
HMNS Perfume - The Prestige 100ml,398000,4.9,2000,https://www.tokopedia.com/hmnsperfume/hmns-perfume-the-prestige-100ml?extParam=src%3Dshop%26whid%3D6651138&aff_unique_id=&channel=others&chain_key=
HMNS Perfume - Unpatched 100ml,398000,5.0,2000,https://www.tokopedia.com/hmnsperfume/hmns-perfume-unpatched-100ml-1731175380388185160?extParam=src%3Dshop%26whid%3D6651138&aff_unique_id=&channel=others&chain_key=
HMNS Perfume - Untitled Humans 100ml,395000,4.9,5000,https://www.tokopedia.com/hmnsperfume/hmns-perfume-untitled-humans-100ml?extParam=whid%3D14569024%26src%3Dshop&aff_unique_id=&channel=others&chain_key=
HMNS Perfume - Darker Shade of Orgsm Eau De Parfum 100 ml,380000,5.0,10000,https://www.tokopedia.com/hmnsperfume/hmns-perfume-darker-shade-of-orgsm-eau-de-parfum-100-ml-1729587387360577608?extParam=src%3Dshop%26whid%3D14569024&aff_unique_id=&channel=others&chain_key=
HMNS Perfume - Unrosed 100ML,374000,5.0,5000,https://www.tokopedia.com/hmnsperfume/hmns-perfume-unrosed-100ml-1731175400764769352?extParam=src%3Dshop%26whid%3D6651138&aff_unique_id=&channel=others&chain_key=
HMNS Perfume - The Perfection 100ml,398000,4.9,10000,https://www.tokopedia.com/hmnsperfume/hmns-perfume-the-perfection-100ml-1729384575803163720?extParam=src%3Dshop%26whid%3D14569024&aff_unique_id=&channel=others&chain_key=
HMNS Perfume - Essence of the Sun EOS 100ml,369000,4.9,10000,https://www.tokopedia.com/hmnsperfume/hmns-perfume-essence-of-the-sun-eos-100ml?extParam=src%3Dshop%26whid%3D6651138&aff_unique_id=&channel=others&chain_key=
HMNS Perfume - Farhampton 100ml,369000,4.9,10000,https://www.tokopedia.com/hmnsperfume/hmns-perfume-farhampton-100ml-1729384575682118728?extParam=src%3Dshop%26whid%3D14569024&aff_unique_id=&channel=others&chain_key=
HMNS Perfume - Alpha 100ml,320000,4.9,10000,https://www.tokopedia.com/hmnsperfume/hmns-perfume-alpha-100ml?extParam=whid%3D6651138%26src%3Dshop&aff_unique_id=&channel=others&chain_key=
HMNS Perfume - Orgasm 100ml,323000,4.9,10000,https://www.tokopedia.com/hmnsperfume/hmns-perfume-orgasm-100ml-1731175403904205896?extParam=src%3Dshop%26whid%3D6651138&aff_unique_id=&channel=others&chain_key=
HMNS Perfume - Pairfectly Untitled,750000,4.9,30,https://www.tokopedia.com/hmnsperfume/hmns-perfume-pairfectly-untitled-1730841116357395689?extParam=src%3Dshop%26whid%3D6651138&aff_unique_id=&channel=others&chain_key=
HMNS Perfume - Travel Size Perfection 50ml,274000,5.0,1000,https://www.tokopedia.com/hmnsperfume/hmns-perfume-travel-size-perfection-50ml?extParam=src%3Dshop%26whid%3D14569024&aff_unique_id=&channel=others&chain_key=
HMNS Perfume - Travel Size Farhampton 50ml,259000,5.0,1000,https://www.tokopedia.com/hmnsperfume/hmns-perfume-travel-size-farhampton-50ml?extParam=whid%3D6651138%26src%3Dshop&aff_unique_id=&channel=others&chain_key=
HMNS Perfume - Absolute Orgsm Eau De Parfum 100 ml,380000,5.0,1000,https://www.tokopedia.com/hmnsperfume/hmns-perfume-absolute-orgsm-eau-de-parfum-100-ml?extParam=src%3Dshop%26whid%3D6651138&aff_unique_id=&channel=others&chain_key=
HMNS Perfume - Addict 50ml,249000,4.9,4000,https://www.tokopedia.com/hmnsperfume/hmns-perfume-addict-50ml?extParam=src%3Dshop%26whid%3D14569024&aff_unique_id=&channel=others&chain_key=
HMNS Perfume - Ambar Janma 100ml,510000,4.9,5000,https://www.tokopedia.com/hmnsperfume/hmns-perfume-ambar-janma-100ml?extParam=src%3Dshop%26whid%3D6651138&aff_unique_id=&channel=others&chain_key=
HMNS Perfume - Y? Series XY (Hitam),205000,4.9,3000,https://www.tokopedia.com/hmnsperfume/hmns-perfume-y-series-xy-hitam?extParam=src%3Dshop%26whid%3D6651138&aff_unique_id=&channel=others&chain_key=
HMNS Perfume - Delta 100ml,295000,4.8,90,https://www.tokopedia.com/hmnsperfume/hmns-perfume-delta-100ml?extParam=src%3Dshop%26whid%3D6651138&aff_unique_id=&channel=others&chain_key=
HMNS Perfume - Theta 50ml,217000,4.9,100,https://www.tokopedia.com/hmnsperfume/hmns-perfume-theta-50ml?extParam=src%3Dshop%26whid%3D6651138&aff_unique_id=&channel=others&chain_key=
Mykonos Down to Earth Extrait De Parfume 50ML,169000,4.9,500,https://www.tokopedia.com/mykonos/mykonos-down-to-earth-extrait-de-parfume-50ml?extParam=src%3Dshop%26whid%3D6274994&aff_unique_id=&channel=others&chain_key=
Mykonos Paradise Eau De Parfume 50ML,149000,5.0,100,https://www.tokopedia.com/mykonos/mykonos-paradise-eau-de-parfume-50ml-paradise-50ml-d0027?extParam=src%3Dshop%26whid%3D6274994&aff_unique_id=&channel=others&chain_key=
Mykonos Zora & Senja Eau De Parfume 50ML & 100ML,169000,4.9,1000,https://www.tokopedia.com/mykonos/mykonos-zora-senja-eau-de-parfume-50ml-100ml-zora-50-ml-382b6?extParam=src%3Dshop%26whid%3D6274994&aff_unique_id=&channel=others&chain_key=
Mykonos Aphrodite Eau De Parfume 50ML & 100ML,169000,4.9,1000,https://www.tokopedia.com/mykonos/mykonos-aphrodite-eau-de-parfume-50ml-100ml-50-ml-16e3a?extParam=src%3Dshop%26whid%3D6274994&aff_unique_id=&channel=others&chain_key=
Mykonos XoXo Rosy EDP 50 ML,149000,4.9,250,https://www.tokopedia.com/mykonos/mykonos-xoxo-rosy-edp-50-ml-xoxo-rosy?extParam=src%3Dshop%26whid%3D6274994&aff_unique_id=&channel=others&chain_key=
Mykonos Matcha Latte Extrait De Parfum 50 ML,169000,4.9,1000,https://www.tokopedia.com/mykonos/mykonos-matcha-latte-extrait-de-parfum-50-ml-extrait-50-ml?extParam=src%3Dshop%26whid%3D6274994&aff_unique_id=&channel=others&chain_key=
Mykonos Bonfire Vanilla Extrait De Parfum,169000,4.9,1000,https://www.tokopedia.com/mykonos/mykonos-bonfire-vanilla-extrait-de-parfum?extParam=src%3Dshop%26whid%3D6274994&aff_unique_id=&channel=others&chain_key=
Mykonos Pink Beach Eau De Parfume 50ML,149000,5.0,250,https://www.tokopedia.com/mykonos/mykonos-pink-beach-eau-de-parfume-50ml-pink-beach-50ml-d2af3?extParam=src%3Dshop%26whid%3D6274994&aff_unique_id=&channel=others&chain_key=
Mykonos Chai Crema Latte x Sapeyeeee Extrait 50ML,299000,5.0,10,https://www.tokopedia.com/mykonos/mykonos-chai-crema-latte-x-sapeyeeee-extrait-50ml-1730970264497718947?extParam=src%3Dshop%26whid%3D6274994&aff_unique_id=&channel=others&chain_key=
Mykonos On The Rocks Extrait 100 ML,399000,5.0,1,https://www.tokopedia.com/mykonos/mykonos-on-the-rocks-extrait-100-ml-1730897822885447331?extParam=src%3Dshop%26whid%3D6274994&aff_unique_id=&channel=others&chain_key=
Mykonos Invade 50 ml Extrait x Ade Setiawan,249000,5.0,70,https://www.tokopedia.com/mykonos/mykonos-invade-50-ml-extrait-x-ade-setiawan-1730806481307076259?extParam=src%3Dshop%26whid%3D6274994&aff_unique_id=&channel=others&chain_key=
Mykonos Glitch 50 ml Extrait x Ade Setiawan,299000,5.0,80,https://www.tokopedia.com/mykonos/mykonos-glitch-50-ml-extrait-x-ade-setiawan-1730806407653525155?extParam=whid%3D6274994%26src%3Dshop&aff_unique_id=&channel=others&chain_key=
Mykonos Luminos Extrait De Parfume 50ML,269000,5.0,40,https://www.tokopedia.com/mykonos/mykonos-luminos-extrait-de-parfume-50ml?extParam=src%3Dshop%26whid%3D6274994&aff_unique_id=&channel=others&chain_key=
Mykonos Cafe Drops Extrait De Parfum 50ML,189000,5.0,50,https://www.tokopedia.com/mykonos/mykonos-cafe-drops-extrait-de-parfum-50ml?extParam=src%3Dshop%26whid%3D6274994&aff_unique_id=&channel=others&chain_key=
Mykonos Pink Drops Extrait De Parfum 50ML,189000,5.0,50,https://www.tokopedia.com/mykonos/mykonos-pink-drops-extrait-de-parfum-50ml?extParam=src%3Dshop%26whid%3D6274994&aff_unique_id=&channel=others&chain_key=
Mykonos Pandan Sticky Rice EDP 50ML,169000,4.9,70,https://www.tokopedia.com/mykonos/mykonos-pandan-sticky-rice-edp-50ml?extParam=src%3Dshop%26whid%3D6274994&aff_unique_id=&channel=others&chain_key=
Mykonos Tea Poetry Extrait De Parfum 100ML,299000,4.9,250,https://www.tokopedia.com/mykonos/mykonos-tea-poetry-extrait-de-parfum-100ml?extParam=src%3Dshop%26whid%3D6274994&aff_unique_id=&channel=others&chain_key=
Mykonos Hawaiian Crush Extrait,399000,5.0,70,https://www.tokopedia.com/mykonos/mykonos-hawaiian-crush-extrait-1730083570740397731?extParam=src%3Dshop%26whid%3D6274994&aff_unique_id=&channel=others&chain_key=
Mykonos Milk Drops Extrait De Parfum 50ML,199000,5.0,100,https://www.tokopedia.com/mykonos/mykonos-milk-drops-extrait-de-parfum-50ml?extParam=whid%3D6274994%26src%3Dshop&aff_unique_id=&channel=others&chain_key=
Mykonos Utopia Extrait De Parfum 100ML,299000,5.0,100,https://www.tokopedia.com/mykonos/mykonos-utopia-extrait-de-parfum-100ml?extParam=src%3Dshop%26whid%3D6274994&aff_unique_id=&channel=others&chain_key=
Mykonos Intimate Affair Extrait De Parfum 100ML,299000,5.0,100,https://www.tokopedia.com/mykonos/mykonos-intimate-affair-extrait-de-parfum-100ml?extParam=src%3Dshop%26whid%3D6274994&aff_unique_id=&channel=others&chain_key=
Mykonos Adelina Eau De Parfume 50ML,199000,4.9,100,https://www.tokopedia.com/mykonos/mykonos-adelina-eau-de-parfume-50ml?extParam=src%3Dshop%26whid%3D6274994&aff_unique_id=&channel=others&chain_key=
Mykonos Extrait & EDP Travel Size,89000,5.0,1000,https://www.tokopedia.com/mykonos/mykonos-extrait-edp-travel-size?extParam=src%3Dshop%26whid%3D6274994&aff_unique_id=&channel=others&chain_key=
Mykonos Sparkling Rose Extrait De Parfume 100ML,299000,5.0,100,https://www.tokopedia.com/mykonos/mykonos-sparkling-ros-extrait-de-parfume-100ml?extParam=whid%3D6274994%26src%3Dshop&aff_unique_id=&channel=others&chain_key=
Mykonos Satin Blanc Extrait De Parfume 100ML,399000,5.0,100,https://www.tokopedia.com/mykonos/mykonos-satin-blanc-extrait-de-parfume-100ml?extParam=src%3Dshop%26whid%3D6274994&aff_unique_id=&channel=others&chain_key=
Mykonos Pistachio Cream Cake EDP 50ML,139000,4.9,100,https://www.tokopedia.com/mykonos/mykonos-pistachio-cream-cake-edp-50ml?extParam=src%3Dshop%26whid%3D6274994&aff_unique_id=&channel=others&chain_key=
Mykonos Dark Secret Extrait De Parfume 100ML,399000,5.0,250,https://www.tokopedia.com/mykonos/mykonos-dark-secret-extrait-de-parfume-100ml?extParam=src%3Dshop%26whid%3D6274994&aff_unique_id=&channel=others&chain_key=
Mykonos It's Not Ella EDP 50ML,179000,5.0,2,https://www.tokopedia.com/mykonos/mykonos-it-s-not-ella-edp-50ml?extParam=src%3Dshop%26whid%3D6274994&aff_unique_id=&channel=others&chain_key=
Mykonos Paradise Eau De Parfume 50ML,299000,5.0,100,https://www.tokopedia.com/mykonos/mykonos-paradise-eau-de-parfume-50ml?extParam=src%3Dshop%26whid%3D6274994&aff_unique_id=&channel=others&chain_key=
Mykonos Musk Aura EDP 100ML,279000,5.0,100,https://www.tokopedia.com/mykonos/mykonos-musk-aura-edp-100ml?extParam=src%3Dshop%26whid%3D6274994&aff_unique_id=&channel=others&chain_key=
Mykonos X Sapeyeeee Rouge EDP 50ml,169000,4.9,100,https://www.tokopedia.com/mykonos/mykonos-x-sapeyeeee-rouge-edp-50ml?extParam=src%3Dshop%26whid%3D6274994&aff_unique_id=&channel=others&chain_key=
Mykonos Sansa Eau De Parfume 100 ML,279000,4.9,500,https://www.tokopedia.com/mykonos/mykonos-sansa-eau-de-parfume-100-ml?extParam=src%3Dshop%26whid%3D6274994&aff_unique_id=&channel=others&chain_key=
Mykonos Slow Living EDP 50ML,199000,4.9,250,https://www.tokopedia.com/mykonos/mykonos-slow-living-edp-50ml?extParam=src%3Dshop%26whid%3D6274994&aff_unique_id=&channel=others&chain_key=
Mykonos Zora & Senja Eau De Parfume 50ML & 100ML,349000,4.9,1000,https://www.tokopedia.com/mykonos/mykonos-zora-senja-eau-de-parfume-50ml-100ml?extParam=whid%3D6274994%26src%3Dshop&aff_unique_id=&channel=others&chain_key=
Mykonos Aphrodite Eau De Parfume 50ML & 100ML,169000,4.9,1000,https://www.tokopedia.com/mykonos/mykonos-aphrodite-eau-de-parfume-50ml-100ml?extParam=src%3Dshop%26whid%3D6274994&aff_unique_id=&channel=others&chain_key=
Mykonos Caramel Fudge Cookies EDP,149000,4.9,750,https://www.tokopedia.com/mykonos/mykonos-caramel-fudge-cookies-edp?extParam=src%3Dshop%26whid%3D6274994&aff_unique_id=&channel=others&chain_key=
Mykonos XoXo Rosy EDP 50 ML,149000,4.9,250,https://www.tokopedia.com/mykonos/mykonos-xoxo-rosy-edp-50-ml?extParam=src%3Dshop%26whid%3D6274994&aff_unique_id=&channel=others&chain_key=
Mykonos Matcha Latte Extrait De Parfum 50 ML,169000,4.9,1000,https://www.tokopedia.com/mykonos/mykonos-matcha-latte-extrait-de-parfum-50-ml?extParam=src%3Dshop%26whid%3D6274994&aff_unique_id=&channel=others&chain_key=
Mykonos Enchanted Extrait De Parfum 50ML,169000,4.9,750,https://www.tokopedia.com/mykonos/mykonos-enchanted-extrait-de-parfum-50ml?extParam=src%3Dshop%26whid%3D6274994&aff_unique_id=&channel=others&chain_key=
Mykonos Bonfire Vanilla Extrait De Parfum,169000,4.9,1000,https://www.tokopedia.com/mykonos/mykonos-bonfire-vanilla-extrait-de-parfum?extParam=src%3Dshop%26whid%3D6274994&aff_unique_id=&channel=others&chain_key=
Mykonos X Sapeyeeee Dolce Cherry Extrait De Parfum,179000,5.0,250,https://www.tokopedia.com/mykonos/mykonos-x-sapeyeeee-dolce-cherry-extrait-de-parfum?extParam=src%3Dshop%26whid%3D6274994&aff_unique_id=&channel=others&chain_key=
Mykonos Verve Extrait De Parfum 50ML,149000,5.0,500,https://www.tokopedia.com/mykonos/mykonos-verve-extrait-de-parfum-50ml?extParam=src%3Dshop%26whid%3D6274994&aff_unique_id=&channel=others&chain_key=
Mykonos Stilettos EDP 50ML,149000,4.9,250,https://www.tokopedia.com/mykonos/mykonos-stilettos-edp-50ml?extParam=whid%3D6274994%26src%3Dshop&aff_unique_id=&channel=others&chain_key=
Mykonos Berry Caramel Pancake EDP 50ML,149000,5.0,250,https://www.tokopedia.com/mykonos/mykonos-berry-caramel-pancake-edp-50ml?extParam=src%3Dshop%26whid%3D6274994&aff_unique_id=&channel=others&chain_key=
Mykonos X Nessie Judge Bloody Mary EDP 50 ML,179000,4.9,250,https://www.tokopedia.com/mykonos/mykonos-x-nessie-judge-bloody-mary-edp-50-ml?extParam=src%3Dshop%26whid%3D6274994&aff_unique_id=&channel=others&chain_key=
Mykonos x Niky Cu California 100ML Extrait De Parfum,249000,5.0,100,https://www.tokopedia.com/mykonos/mykonos-x-niky-cu-california-100ml-extrait-de-parfum?extParam=src%3Dshop%26whid%3D6274994&aff_unique_id=&channel=others&chain_key=
Mykonos x Niky Cu California EDP 100ML,249000,5.0,1000,https://www.tokopedia.com/mykonos/mykonos-x-niky-cu-california-edp-100ml?extParam=src%3Dshop%26whid%3D6274994&aff_unique_id=&channel=others&chain_key=
Mykonos Moroccan Vanilla EDP 100ML,299000,5.0,250,https://www.tokopedia.com/mykonos/mykonos-moroccan-vanilla-edp-100ml?extParam=src%3Dshop%26whid%3D6274994&aff_unique_id=&channel=others&chain_key=
Mykonos Vanilla Clouds EDP 100ML,299000,5.0,100,https://www.tokopedia.com/mykonos/mykonos-vanilla-clouds-edp-100ml?extParam=src%3Dshop%26whid%3D6274994&aff_unique_id=&channel=others&chain_key=
Mykonos Coconut Dreams EDP 100ML,349000,4.9,100,https://www.tokopedia.com/mykonos/mykonos-coconut-dreams-edp-100ml?extParam=src%3Dshop%26whid%3D6274994&aff_unique_id=&channel=others&chain_key=
Mykonos Violette Parfum EDP 100 ML,239000,5.0,100,https://www.tokopedia.com/mykonos/mykonos-violette-parfum-edp-100-ml?extParam=whid%3D6274994%26src%3Dshop&aff_unique_id=&channel=others&chain_key=
Mykonos Blaze Parfum EDP 100 ML,219000,4.9,100,https://www.tokopedia.com/mykonos/mykonos-blaze-parfum-edp-100-ml?extParam=src%3Dshop%26whid%3D6274994&aff_unique_id=&channel=others&chain_key=
Mykonos Pink Beach Eau De Parfume 50ML,249000,5.0,250,https://www.tokopedia.com/mykonos/mykonos-pink-beach-eau-de-parfume-50ml?extParam=src%3Dshop%26whid%3D6274994&aff_unique_id=&channel=others&chain_key=
Mykonos Baby Love Birthday Edition 100 ML,249000,5.0,100,https://www.tokopedia.com/mykonos/mykonos-baby-love-birthday-edition-100-ml?extParam=whid%3D6274994%26src%3Dshop&aff_unique_id=&channel=others&chain_key=
Mykonos Black Opera EDP 100ML,269000,5.0,250,https://www.tokopedia.com/mykonos/mykonos-black-opera-edp-100ml?extParam=src%3Dshop%26whid%3D6274994&aff_unique_id=&channel=others&chain_key=
Mykonos Enchanted Extrait De Parfum 100ML,349000,5.0,100,https://www.tokopedia.com/mykonos/mykonos-enchanted-extrait-de-parfum-100ml?extParam=src%3Dshop%26whid%3D6274994&aff_unique_id=&channel=others&chain_key=
Mykonos When In Paris EDP 50ML,149000,5.0,500,https://www.tokopedia.com/mykonos/mykonos-when-in-paris-edp-50ml?extParam=src%3Dshop%26whid%3D6274994&aff_unique_id=&channel=others&chain_key=
Mykonos Vanilla Clouds EDP,149000,4.9,1000,https://www.tokopedia.com/mykonos/mykonos-vanilla-clouds-edp?extParam=src%3Dshop%26whid%3D6274994&aff_unique_id=&channel=others&chain_key=
Mykonos Coconut Dreams EDP,149000,4.9,1000,https://www.tokopedia.com/mykonos/mykonos-coconut-dreams-edp?extParam=src%3Dshop%26whid%3D6274994&aff_unique_id=&channel=others&chain_key=
Mykonos California EDP,99000,4.9,100,https://www.tokopedia.com/mykonos/mykonos-california-edp?extParam=whid%3D6274994%26src%3Dshop&aff_unique_id=&channel=others&chain_key=
Avra Kehdabra Mykonos x Paola Serena EDP,179000,5.0,250,https://www.tokopedia.com/mykonos/avra-kehdabra-mykonos-x-paola-serena-edp?extParam=src%3Dshop%26whid%3D6274994&aff_unique_id=&channel=others&chain_key=
JYNX Mykonos x Paola Serena Eau De Parfum,179000,4.9,250,https://www.tokopedia.com/mykonos/jynx-mykonos-x-paola-serena-eau-de-parfum?extParam=src%3Dshop%26whid%3D6274994&aff_unique_id=&channel=others&chain_key=
Mykonos When In Paris EDP 100ML,349000,4.9,100,https://www.tokopedia.com/mykonos/mykonos-when-in-paris-edp-100ml?extParam=src%3Dshop%26whid%3D6274994&aff_unique_id=&channel=others&chain_key=
Mykonos Verve Extrait De Parfum 100ML,299000,4.9,250,https://www.tokopedia.com/mykonos/mykonos-verve-extrait-de-parfum-100ml?extParam=src%3Dshop%26whid%3D6274994&aff_unique_id=&channel=others&chain_key=
Mykonos Roulette EDP,99000,4.8,70,https://www.tokopedia.com/mykonos/mykonos-roulette-edp?extParam=src%3Dshop%26whid%3D6274994&aff_unique_id=&channel=others&chain_key=
Mykonos Blossom Eau De Parfume 50ML,139000,4.9,750,https://www.tokopedia.com/mykonos/mykonos-blossom-eau-de-parfume-50ml?extParam=src%3Dshop%26whid%3D6274994&aff_unique_id=&channel=others&chain_key=
Mykonos Seven Roses EDP,99000,4.9,250,https://www.tokopedia.com/mykonos/mykonos-seven-roses-edp?extParam=src%3Dshop%26whid%3D6274994&aff_unique_id=&channel=others&chain_key=
Mykonos Nashi Pear Garden EDP,99000,4.9,100,https://www.tokopedia.com/mykonos/mykonos-nashi-pear-garden-edp?extParam=src%3Dshop%26whid%3D6274994&aff_unique_id=&channel=others&chain_key=
Mykonos Moroccan Vanilla Extrait De Parfum,99000,5.0,30,https://www.tokopedia.com/mykonos/mykonos-moroccan-vanilla-extrait-de-parfum?extParam=src%3Dshop%26whid%3D6274994&aff_unique_id=&channel=others&chain_key=
Mykonos Blaze Parfum EDT 50 ML,99000,4.9,750,https://www.tokopedia.com/mykonos/mykonos-blaze-parfum-edt-50-ml?extParam=src%3Dshop%26whid%3D6274994&aff_unique_id=&channel=others&chain_key=
Mykonos Zeus Parfum EDT 50 ML,99000,4.9,500,https://www.tokopedia.com/mykonos/mykonos-zeus-parfum-edt-50-ml?extParam=src%3Dshop%26whid%3D6274994&aff_unique_id=&channel=others&chain_key=
Mykonos Ivory EDP 50ML,139000,4.9,1000,https://www.tokopedia.com/mykonos/mykonos-ivory-edp-50ml?extParam=src%3Dshop%26whid%3D6274994&aff_unique_id=&channel=others&chain_key=
Octarine - SCANDALUSY Parfum Wanita Tahan Lama Bergaransi,59500,5.0,250,https://www.tokopedia.com/octarineperfumeofficial/octarine-scandalusy-parfum-wanita-tahan-lama-bergaransi-1730874700707432236?extParam=whid%3D13894801%26src%3Dshop&aff_unique_id=&channel=others&chain_key=
Queen of Morocco - Aroma Sweet Spicy Woody Parfum Tahan Lama by Octarine,59000,4.9,8000,https://www.tokopedia.com/octarineperfumeofficial/queen-of-morroco-parfum-wanita-tahan-lama-by-octarine?extParam=src%3Dshop%26whid%3D13894801&aff_unique_id=&channel=others&chain_key=
Octarine - VANILLA BODY Parfum Garansi Tahan Lama Aroma Soft Vanila,59500,4.9,2000,https://www.tokopedia.com/octarineperfumeofficial/octarine-vanilla-body-parfum-garansi-tahan-lama-aroma-soft-vanila-1729505766335154988?extParam=src%3Dshop%26whid%3D13894801&aff_unique_id=&channel=others&chain_key=
Gamuci Bamboo - Parfum Garansi Tahan Lama Aroma Fresh Floral by Octarine,59500,4.9,500,https://www.tokopedia.com/octarineperfumeofficial/gamuci-bamboo-parfum-garansi-tahan-lama-aroma-fresh-floral-by-octarine-1729643524866476844?extParam=src%3Dshop%26whid%3D13894801&aff_unique_id=&channel=others&chain_key=
Fantastic Night - Aroma Segar Manis Sexy Parfum Tahan Lama by Octarine,59500,4.9,5000,https://www.tokopedia.com/octarineperfumeofficial/fantastic-night-aroma-segar-manis-sexy-parfum-tahan-lama-by-octarine-1729562265945212716?extParam=src%3Dshop%26whid%3D13894801&aff_unique_id=&channel=others&chain_key=
Gamani Sie -  Aroma Sweet Floral Elegant Parfum Tahan Lama Bergaransi by Octarine,59500,4.9,1000,https://www.tokopedia.com/octarineperfumeofficial/gamani-sie-aroma-sweet-floral-elegant-parfum-tahan-lama-bergaransi-by-octarine-1729860338815699756?extParam=src%3Dshop%26whid%3D13894801&aff_unique_id=&channel=others&chain_key=
Octarine - Parfum Unisex Tahan Lama Bergaransi Inspired by Lost Cherrie,59500,4.8,90,https://www.tokopedia.com/octarineperfumeofficial/octarine-parfum-unisex-tahan-lama-bergaransi-inspired-by-lost-cherrie-1730874699051534124?extParam=src%3Dshop%26whid%3D13894801&aff_unique_id=&channel=others&chain_key=
"Black Opm - Parfum Garansi Tahan Lama Aroma Fresh, Amber Spicy, Elegant by Octarine",59000,4.9,50000,https://www.tokopedia.com/octarineperfumeofficial/black-opm-parfum-garansi-tahan-lama-aroma-fresh-amber-spicy-elegant-by-octarine-1729468112591293228?extParam=whid%3D13894801%26src%3Dshop&aff_unique_id=&channel=others&chain_key=
"Phillton Passport - Parfum Garansi Tahan Lama Aroma Sweet, Fruity by Octarine",59500,4.8,750,https://www.tokopedia.com/octarineperfumeofficial/phillton-passport-parfum-garansi-tahan-lama-aroma-sweet-fruity-by-octarine-1729553057097550636?extParam=src%3Dshop%26whid%3D13894801&aff_unique_id=&channel=others&chain_key=
Octarine - Parfum Pria Tahan Lama Bergaransi Inspired By Blue Emo,24910,4.9,500,https://www.tokopedia.com/octarineperfumeofficial/octarine-parfum-pria-tahan-lama-bergaransi-inspired-by-blue-emo-20ml-a23c1?extParam=src%3Dshop%26whid%3D13894801&aff_unique_id=&channel=others&chain_key=
Octarine - ROMANCE WISH Parfum Wanita Tahan Lama Bergaransi,25000,5.0,100,https://www.tokopedia.com/octarineperfumeofficial/octarine-romance-wish-parfum-wanita-tahan-lama-bergaransi-1730874699035215660?extParam=whid%3D13894801%26src%3Dshop&aff_unique_id=&channel=others&chain_key=
Octarine - SO AND SEXY Parfum Wanita Tahan Lama Bergaransi,59500,5.0,80,https://www.tokopedia.com/octarineperfumeofficial/octarine-so-and-sexy-parfum-wanita-tahan-lama-bergaransi-1730874700751341356?extParam=src%3Dshop%26whid%3D13894801&aff_unique_id=&channel=others&chain_key=
Octarine - PINKY CHIFFONY Parfum Wanita Tahan Lama Bergaransi,59500,4.9,250,https://www.tokopedia.com/octarineperfumeofficial/octarine-pinky-chiffony-parfum-wanita-tahan-lama-bergaransi-1730874678080997164?extParam=src%3Dshop%26whid%3D13894801&aff_unique_id=&channel=others&chain_key=
Octarine - Parfum Pria Tahan Lama BPOM Inspired By D London Black,57451,5.0,60,https://www.tokopedia.com/octarineperfumeofficial/octarine-parfum-pria-tahan-lama-bpom-inspired-by-d-london-black-50ml-7d1b0?extParam=src%3Dshop%26whid%3D13894801&aff_unique_id=&channel=others&chain_key=
Octarine - Parfum wanita tahan lama bergaransi inspired by Daisy Yellow,57451,5.0,100,https://www.tokopedia.com/octarineperfumeofficial/octarine-parfum-wanita-tahan-lama-bergaransi-inspired-by-daisy-yellow-1730874699034429228?extParam=src%3Dshop%26whid%3D13894801&aff_unique_id=&channel=others&chain_key=
Octarine - Parfum Unisex Tahan Lama Bergaransi Inspired By Cuddle,57451,4.9,100,https://www.tokopedia.com/octarineperfumeofficial/octarine-parfum-unisex-tahan-lama-bergaransi-inspired-by-cuddle-50ml-c5de8?extParam=whid%3D13894801%26src%3Dshop&aff_unique_id=&channel=others&chain_key=
Octarine Parfum pria tahan lama bergaransi inspired by 1 M Lucky,59500,4.9,750,https://www.tokopedia.com/octarineperfumeofficial/octarine-parfum-pria-tahan-lama-bergaransi-inspired-by-1-m-lucky-50ml-57cf2?extParam=src%3Dshop%26whid%3D13894801&aff_unique_id=&channel=others&chain_key=
Octarine - VANILLA D'TOBAC Parfum Aroma Rempah & Vanilla,59500,4.9,3000,https://www.tokopedia.com/octarineperfumeofficial/octarine-vanilla-d-tobac-parfum-aroma-rempah-vanilla-1729598655661837100?extParam=src%3Dshop%26whid%3D13894801&aff_unique_id=&channel=others&chain_key=
Octarine - OMNIA CRYSTALYS Parfum Wanita Garansi Tahan Lama Aroma Fresh Floral Musky,59500,4.9,100,https://www.tokopedia.com/octarineperfumeofficial/octarine-omnia-crystalys-parfum-wanita-garansi-tahan-lama-aroma-fresh-floral-musky-1730874703345911596?extParam=src%3Dshop%26whid%3D13894801&aff_unique_id=&channel=others&chain_key=
Octarine - Parfum Wanita Tahan Lama BPOM Inspired by Blom Buqet,57451,5.0,500,https://www.tokopedia.com/octarineperfumeofficial/octarine-parfum-wanita-tahan-lama-bpom-inspired-by-blom-buqet-50ml-ff160?extParam=whid%3D13894801%26src%3Dshop&aff_unique_id=&channel=others&chain_key=
Octarine - KING RAFFI Parfum Pria Tahan Lama Bergaransi,59500,4.9,80,https://www.tokopedia.com/octarineperfumeofficial/octarine-king-raffi-parfum-pria-tahan-lama-bergaransi-1730874678084208428?extParam=whid%3D13894801%26src%3Dshop&aff_unique_id=&channel=others&chain_key=
Octarine - VEROZ Parfum Pria Tahan Lama Bergaransi,59500,4.9,500,https://www.tokopedia.com/octarineperfumeofficial/octarine-veroz-parfum-pria-tahan-lama-bergaransi-1730874699063330604?extParam=src%3Dshop%26whid%3D13894801&aff_unique_id=&channel=others&chain_key=
Octarine - Parfum Wanita Tahan Lama BPOM Inspired by Insanto Shine,59500,5.0,30,https://www.tokopedia.com/octarineperfumeofficial/octarine-parfum-wanita-tahan-lama-bpom-inspired-by-insanto-shine-50ml-46147?extParam=src%3Dshop%26whid%3D13894801&aff_unique_id=&channel=others&chain_key=
Octarine - Parfum wanita tahan lama bergaransi inspired by Kanagita,59500,4.9,100,https://www.tokopedia.com/octarineperfumeofficial/octarine-parfum-wanita-tahan-lama-bergaransi-inspired-by-kanagita-1730874700731680556?extParam=src%3Dshop%26whid%3D13894801&aff_unique_id=&channel=others&chain_key=
Octarine - WONDERFUL ROSES Parfum Wanita Tahan Lama BPOM,59500,4.9,50,https://www.tokopedia.com/octarineperfumeofficial/octarine-wonderful-roses-parfum-wanita-tahan-lama-bpom-1730874702587070252?extParam=src%3Dshop%26whid%3D13894801&aff_unique_id=&channel=others&chain_key=
Octarine - 21 VP Men Parfum Garansi Tahan Lama Aroma Citrus Aromatic Spicy,59500,4.9,7000,https://www.tokopedia.com/octarineperfumeofficial/octarine-21-vp-men-parfum-garansi-tahan-lama-aroma-citrus-aromatic-spicy-1729470147663334188?extParam=src%3Dshop%26whid%3D13894801&aff_unique_id=&channel=others&chain_key=
Octarine - VANILLA LAICE Parfum Wanita Tahan Lama Bergaransi,59500,4.7,100,https://www.tokopedia.com/octarineperfumeofficial/octarine-vanilla-laice-parfum-wanita-tahan-lama-bergaransi-1730874678100854572?extParam=src%3Dshop%26whid%3D13894801&aff_unique_id=&channel=others&chain_key=
Octarine - ZAMARA RED VANILLA Parfum Wanita Tahan Lama Bergaransi,59500,5.0,250,https://www.tokopedia.com/octarineperfumeofficial/octarine-zamara-red-vanilla-parfum-wanita-tahan-lama-bergaransi-1730874700778211116?extParam=src%3Dshop%26whid%3D13894801&aff_unique_id=&channel=others&chain_key=
Octarine - VANILLA CAKE Parfum Unisex Tahan Lama Bergaransi,59500,4.9,250,https://www.tokopedia.com/octarineperfumeofficial/octarine-vanilla-cake-parfum-unisex-tahan-lama-bergaransi-1730874703358494508?extParam=src%3Dshop%26whid%3D13894801&aff_unique_id=&channel=others&chain_key=
Octarine - OMNIA ATHYS Parfum Garansi Tahan Lama Aroma Fresh Floral Pramugari,59000,4.9,10000,https://www.tokopedia.com/octarineperfumeofficial/octarine-omnia-athys-parfum-garansi-tahan-lama-aroma-fresh-floral-pramugari-1729468129297730348?extParam=src%3Dshop%26whid%3D13894801&aff_unique_id=&channel=others&chain_key=
Octarine - Parfum wanita tahan lama bergaransi inspired by Scandalusy,57451,4.9,1000,https://www.tokopedia.com/octarineperfumeofficial/octarine-parfum-wanita-tahan-lama-bergaransi-inspired-by-scandalusy-50ml-7f047?extParam=src%3Dshop%26whid%3D13894801&aff_unique_id=&channel=others&chain_key=
Octarine - Parfum Pria Wanita Tahan Lama Inspired By Bali,57451,4.9,100,https://www.tokopedia.com/octarineperfumeofficial/octarine-parfum-pria-wanita-tahan-lama-inspired-by-bali-50ml-622d3?extParam=src%3Dshop%26whid%3D13894801&aff_unique_id=&channel=others&chain_key=
Octarine - SIGNATURE OUD Parfum Aroma Mewah Woody Manis Parfum Tahan Lama Bergaransi,59500,4.9,1000,https://www.tokopedia.com/octarineperfumeofficial/octarine-signature-oud-parfum-aroma-mewah-woody-manis-parfum-tahan-lama-bergaransi-1729860058157386540?extParam=src%3Dshop%26whid%3D13894801&aff_unique_id=&channel=others&chain_key=
Ferry Light Ice - Aroma Mewah Fresh Woody Parfum Tahan Lama Bergaransi by Octarine,59500,4.9,3000,https://www.tokopedia.com/octarineperfumeofficial/ferry-light-ice-aroma-mewah-fresh-woody-parfum-tahan-lama-bergaransi-by-octarine-1729860002254916396?extParam=src%3Dshop%26whid%3D13894801&aff_unique_id=&channel=others&chain_key=
Still Jenni - Aroma Teh Fresh Manis Parfum Tahan Lama Bergaransi by Octarine,59500,4.9,4000,https://www.tokopedia.com/octarineperfumeofficial/still-jenni-aroma-teh-fresh-manis-parfum-tahan-lama-bergaransi-by-octarine-1729860080495921964?extParam=src%3Dshop%26whid%3D13894801&aff_unique_id=&channel=others&chain_key=
Flight ID - Aroma Manis Fresh Floral Elegan Parfum Tahan Lama by Octarine,59500,4.9,1000,https://www.tokopedia.com/octarineperfumeofficial/flight-id-aroma-manis-fresh-floral-elegan-parfum-tahan-lama-by-octarine-1729872406983117612?extParam=src%3Dshop%26whid%3D13894801&aff_unique_id=&channel=others&chain_key=
Octarine - Parfum Pria Tahan Lama Inspired By Mont Paris,59500,4.8,80,https://www.tokopedia.com/octarineperfumeofficial/octarine-parfum-pria-tahan-lama-inspired-by-mont-paris-1730874702567606060?extParam=whid%3D13894801%26src%3Dshop&aff_unique_id=&channel=others&chain_key=
CARAMEL POPCORN - Parfum Garansi Tahan Lama by Octarine,59500,4.8,5000,https://www.tokopedia.com/octarineperfumeofficial/caramel-popcorn-parfum-garansi-tahan-lama-by-octarine-1729560354641644332?extParam=src%3Dshop%26whid%3D13894801&aff_unique_id=&channel=others&chain_key=
"White Musky - Parfum Garansi Tahan Lama Aroma Fresh, Powdery, Soft by Octarine",59500,4.9,2000,https://www.tokopedia.com/octarineperfumeofficial/white-musky-parfum-garansi-tahan-lama-aroma-fresh-powdery-soft-by-octarine-1729553072609725228?extParam=src%3Dshop%26whid%3D13894801&aff_unique_id=&channel=others&chain_key=
Octarine - Parfum Pria Tahan Lama Inspired By Farhanheit,57451,4.9,100,https://www.tokopedia.com/octarineperfumeofficial/octarine-parfum-pria-tahan-lama-inspired-by-farhanheit-50ml-platinum-323ef?extParam=src%3Dshop%26whid%3D13894801&aff_unique_id=&channel=others&chain_key=
Octarine - Parfum wanita tahan lama inspired By Phillton Passport,59500,4.8,30,https://www.tokopedia.com/octarineperfumeofficial/octarine-parfum-wanita-tahan-lama-inspired-by-phillton-passport-1730874680573724460?extParam=src%3Dshop%26whid%3D13894801&aff_unique_id=&channel=others&chain_key=
Cold Water - Parfum Octarine Garansi Tahan Lama Aroma Fresh Aromatic,59500,4.9,1000,https://www.tokopedia.com/octarineperfumeofficial/cold-water-parfum-octarine-garansi-tahan-lama-aroma-fresh-aromatic-1729609065331854124?extParam=src%3Dshop%26whid%3D13894801&aff_unique_id=&channel=others&chain_key=
Parfum Octarine Aroma Maskulin Fresh Sporty Garansi Tahan Lama - by Blue Motion,59000,4.9,10000,https://www.tokopedia.com/octarineperfumeofficial/parfum-octarine-aroma-maskulin-fresh-sporty-garansi-tahan-lama-by-blue-motion-1729602194230512428?extParam=src%3Dshop%26whid%3D13894801&aff_unique_id=&channel=others&chain_key=
Blue D'Conel - Parfum Garansi Tahan Lama Aroma Fresh Elegan by Octarine,59500,4.9,2000,https://www.tokopedia.com/octarineperfumeofficial/blue-d-conel-parfum-garansi-tahan-lama-aroma-fresh-elegan-by-octarine-1729622935561341740?extParam=src%3Dshop%26whid%3D13894801&aff_unique_id=&channel=others&chain_key=
Octarine Parfum Garansi Tahan Lama - Inspired by BLAKC XS,59500,4.9,2000,https://www.tokopedia.com/octarineperfumeofficial/octarine-parfum-garansi-tahan-lama-inspired-by-blakc-xs-1729553067509779244?extParam=whid%3D13894801%26src%3Dshop&aff_unique_id=&channel=others&chain_key=
Choco Musky - Parfum Garansi Aroma Coklat Manis Lembut by Octarine,59500,4.8,3000,https://www.tokopedia.com/octarineperfumeofficial/choco-musky-parfum-garansi-aroma-coklat-manis-lembut-by-octarine-1729517296042281772?extParam=src%3Dshop%26whid%3D13894801&aff_unique_id=&channel=others&chain_key=
Americano Black - Aroma Lembut Kopi Hitam Parfum Tahan Lama by Octarine Perfume,59500,4.9,1000,https://www.tokopedia.com/octarineperfumeofficial/americano-black-aroma-lembut-kopi-hitam-parfum-tahan-lama-by-octarine-perfume-1729599387725499180?extParam=src%3Dshop%26whid%3D13894801&aff_unique_id=&channel=others&chain_key=
Octarine - STRAWBERRY Parfum Garansi Tahan Lama Aroma Fresh Fruity,59500,4.8,3000,https://www.tokopedia.com/octarineperfumeofficial/octarine-strawberry-parfum-garansi-tahan-lama-aroma-fresh-fruity-1729517273863326508?extParam=src%3Dshop%26whid%3D13894801&aff_unique_id=&channel=others&chain_key=
"Melon - Parfum Garansi Tahan Lama Aroma Fresh, Fruity, Sweet by Octarine",59500,4.9,3000,https://www.tokopedia.com/octarineperfumeofficial/melon-parfum-garansi-tahan-lama-aroma-fresh-fruity-sweet-by-octarine-1729517176859626284?extParam=src%3Dshop%26whid%3D13894801&aff_unique_id=&channel=others&chain_key=
"Octarine - OUD WOODIE Parfum Garansi Tahan Lama Aroma Fresh, Woody, Sweet vanilla",25000,4.9,750,https://www.tokopedia.com/octarineperfumeofficial/octarine-oud-woodie-parfum-garansi-tahan-lama-aroma-fresh-woody-sweet-vanilla-1729505743797783340?extParam=src%3Dshop%26whid%3D13894801&aff_unique_id=&channel=others&chain_key=
Octarine Parfum Garansi Tahan Lama - Inspired by Aquac Digi,59500,4.9,1000,https://www.tokopedia.com/octarineperfumeofficial/octarine-parfum-garansi-tahan-lama-inspired-by-aquac-digi-1729505754402360108?extParam=src%3Dshop%26whid%3D13894801&aff_unique_id=&channel=others&chain_key=
Octarine - SO AND SEXY Parfum Garansi Tahan Lama Aroma Sweet Fruity,59500,4.9,2000,https://www.tokopedia.com/octarineperfumeofficial/octarine-so-and-sexy-parfum-garansi-tahan-lama-aroma-sweet-fruity-1729470588938717996?extParam=src%3Dshop%26whid%3D13894801&aff_unique_id=&channel=others&chain_key=
"Octarine - PINKY CHIFFONY Parfum Garansi Tahan Lama Aroma Fruity, Sweet, Vanilla",59500,4.9,10000,https://www.tokopedia.com/octarineperfumeofficial/octarine-pinky-chiffony-parfum-garansi-tahan-lama-aroma-fruity-sweet-vanilla-1729470645114604332?extParam=src%3Dshop%26whid%3D13894801&aff_unique_id=&channel=others&chain_key=
Octarine - Parfum wanita tahan lama murah inspired by Gamuci Bloom,25000,4.9,250,https://www.tokopedia.com/octarineperfumeofficial/octarine-parfum-wanita-tahan-lama-murah-inspired-by-gamuci-bloom-1730874678086305580?extParam=src%3Dshop%26whid%3D13894801&aff_unique_id=&channel=others&chain_key=
Entinity Men - Parfum Octarine Aroma Fresh Mewah Maskulin Garansi Tahan Lama,59500,4.8,750,https://www.tokopedia.com/octarineperfumeofficial/entinity-men-parfum-octarine-aroma-fresh-mewah-maskulin-garansi-tahan-lama-1729605671855295276?extParam=src%3Dshop%26whid%3D13894801&aff_unique_id=&channel=others&chain_key=
Daniel London Black - Parfum Garansi Tahan Lama Aroma Fresh Maskulin by Octarine,59500,4.8,750,https://www.tokopedia.com/octarineperfumeofficial/daniel-london-black-parfum-garansi-tahan-lama-aroma-fresh-maskulin-by-octarine-1729622916192176940?extParam=src%3Dshop%26whid%3D13894801&aff_unique_id=&channel=others&chain_key=
"Daisy Yellow - Octarine Parfum Garansi Tahan Lama Aroma Soft, Floral, Sweet",59500,4.9,4000,https://www.tokopedia.com/octarineperfumeofficial/daisy-yellow-octarine-parfum-garansi-tahan-lama-aroma-soft-floral-sweet-1729576555669130028?extParam=src%3Dshop%26whid%3D13894801&aff_unique_id=&channel=others&chain_key=
"Baby Cuddles - Parfum Garansi Tahan Lama Aroma Soft, Powdery by Octarine",59500,4.9,7000,https://www.tokopedia.com/octarineperfumeofficial/baby-cuddles-parfum-garansi-tahan-lama-aroma-soft-powdery-by-octarine-1729470717560720172?extParam=src%3Dshop%26whid%3D13894801&aff_unique_id=&channel=others&chain_key=
Octarine - Parfum Wanita Pria Tahan Lama Murah Inspired By Bubble Gum,57451,5.0,100,https://www.tokopedia.com/octarineperfumeofficial/octarine-parfum-wanita-pria-tahan-lama-murah-inspired-by-bubble-gum-50ml-platinum?extParam=whid%3D13894801%26src%3Dshop&aff_unique_id=&channel=others&chain_key=
Octarine - Parfum Pria Tahan Lama Murah Inspired By 1 M Lucky,59500,4.9,4000,https://www.tokopedia.com/octarineperfumeofficial/octarine-parfum-pria-tahan-lama-murah-inspired-by-1-m-lucky-50ml-platinum-3ba5b?extParam=src%3Dshop%26whid%3D13894801&aff_unique_id=&channel=others&chain_key=
Octarine - VANILLA D'TOBAC Parfum Pria Aroma Sweet Spicy Tobacco,59500,4.9,100,https://www.tokopedia.com/octarineperfumeofficial/octarine-vanilla-d-tobac-parfum-pria-aroma-sweet-spicy-tobacco-1730874678082307884?extParam=src%3Dshop%26whid%3D13894801&aff_unique_id=&channel=others&chain_key=
"Blue Seduce - Parfum Garansi Tahan Lama Aroma Fresh, Aromatic by Octarine",59500,4.9,4000,https://www.tokopedia.com/octarineperfumeofficial/blue-seduce-parfum-garansi-tahan-lama-aroma-fresh-aromatic-by-octarine-1729470369058687788?extParam=src%3Dshop%26whid%3D13894801&aff_unique_id=&channel=others&chain_key=
Octarine - OMNIA CRYSTALYS Parfum Garansi Tahan Lama Aroma Fresh Floral Aromatic,59500,4.9,1000,https://www.tokopedia.com/octarineperfumeofficial/octarine-omnia-crystalys-parfum-garansi-tahan-lama-aroma-fresh-floral-aromatic-1729470218529049388?extParam=src%3Dshop%26whid%3D13894801&aff_unique_id=&channel=others&chain_key=
Octarine - Parfum wanita tahan lama murah inspired by Blum Buqet,57451,4.9,500,https://www.tokopedia.com/octarineperfumeofficial/octarine-parfum-wanita-tahan-lama-murah-inspired-by-blum-buqet-50ml-platinum-6974e?extParam=src%3Dshop%26whid%3D13894801&aff_unique_id=&channel=others&chain_key=
Octarine - ROSE ESSENCE Parfum Garansi Tahan Lama Aroma Fresh Elegan,59500,4.9,1000,https://www.tokopedia.com/octarineperfumeofficial/octarine-rose-essence-parfum-garansi-tahan-lama-aroma-fresh-elegan-1729622961157081900?extParam=src%3Dshop%26whid%3D13894801&aff_unique_id=&channel=others&chain_key=
"Good for Girls - Parfum Garansi Tahan Lama Aroma Sexy, Fresh, Spicy by Octarine",59500,4.9,3000,https://www.tokopedia.com/octarineperfumeofficial/good-for-girls-parfum-garansi-tahan-lama-aroma-sexy-fresh-spicy-by-octarine-1729470163348261676?extParam=src%3Dshop%26whid%3D13894801&aff_unique_id=&channel=others&chain_key=
SAFF & Co. Extrait de Parfum - CHNO,189000,4.9,10000,https://www.tokopedia.com/saffnco/saff-co-extrait-de-parfum-chno-1729386846131029347?extParam=whid%3D8882951%26src%3Dshop&aff_unique_id=&channel=others&chain_key=
SAFF & Co. Extrait de Parfum - LOUI,189000,4.9,10000,https://www.tokopedia.com/saffnco/saff-co-extrait-de-parfum-loui-1729386845500376419?extParam=src%3Dshop%26whid%3D8882951&aff_unique_id=&channel=others&chain_key=
SAFF & Co. Extrait de Parfum - COCO,189000,4.9,6000,https://www.tokopedia.com/saffnco/saff-co-extrait-de-parfum-coco-1729386845764355427?extParam=src%3Dshop%26whid%3D8882951&aff_unique_id=&channel=others&chain_key=
SAFF & Co. Extrait de Parfum - CASCAVEL,189000,4.9,3000,https://www.tokopedia.com/saffnco/saff-co-extrait-de-parfum-cascavel-1729386845406201187?extParam=src%3Dshop%26whid%3D8882951&aff_unique_id=&channel=others&chain_key=
SAFF & Co. Extrait de Parfum - MALEALI,229000,4.9,4000,https://www.tokopedia.com/saffnco/saff-co-extrait-de-parfum-maleali-1729879059004950883?extParam=src%3Dshop%26whid%3D8882951&aff_unique_id=&channel=others&chain_key=
SAFF & Co. Extrait de Parfum - MINOUET,239000,4.9,7000,https://www.tokopedia.com/saffnco/saff-co-extrait-de-parfum-minouet-1729857029609064803?extParam=src%3Dshop%26whid%3D8882951&aff_unique_id=&channel=others&chain_key=
SAFF & Co. Extrait de Parfum - SAFF,229000,4.9,10000,https://www.tokopedia.com/saffnco/saff-co-extrait-de-parfum-saff-1729386845826090339?extParam=whid%3D8882951%26src%3Dshop&aff_unique_id=&channel=others&chain_key=
SAFF & Co. Extrait de Parfum - MORFOSIA,249000,4.9,2000,https://www.tokopedia.com/saffnco/saff-co-extrait-de-parfum-morfosia?extParam=src%3Dshop%26whid%3D8882951&aff_unique_id=&channel=others&chain_key=
SAFF & Co. Extrait de Parfum - IRAI LEIMA,259000,4.9,4000,https://www.tokopedia.com/saffnco/saff-co-extrait-de-parfum-irai-leima?extParam=src%3Dshop%26whid%3D8882951&aff_unique_id=&channel=others&chain_key=
SAFF & Co. Extrait de Parfum - ILIAD,229000,4.9,10000,https://www.tokopedia.com/saffnco/saff-co-extrait-de-parfum-iliad-1729618000268527971?extParam=whid%3D8882951%26src%3Dshop&aff_unique_id=&channel=others&chain_key=
SAFF & Co. Extrait de Parfum - XOCOLATL,229000,5.0,10000,https://www.tokopedia.com/saffnco/saff-co-extrait-de-parfum-xocolatl-1729612500227885411?extParam=src%3Dshop%26whid%3D8882951&aff_unique_id=&channel=others&chain_key=
SAFF & Co. Extrait de Parfum - LAS POZAS,199000,4.9,10000,https://www.tokopedia.com/saffnco/saff-co-extrait-de-parfum-las-pozas-1729601899434838371?extParam=src%3Dshop%26whid%3D8882951&aff_unique_id=&channel=others&chain_key=
SAFF & Co. Extrait de Parfum - SOLARIS,219000,5.0,10000,https://www.tokopedia.com/saffnco/saff-co-extrait-de-parfum-solaris-1729587196227848547?extParam=src%3Dshop%26whid%3D8882951&aff_unique_id=&channel=others&chain_key=
SAFF & Co. Extrait de Parfum - OSTARA,219000,4.9,10000,https://www.tokopedia.com/saffnco/saff-co-extrait-de-parfum-ostara-1729546178483292515?extParam=src%3Dshop%26whid%3D8882951&aff_unique_id=&channel=others&chain_key=
SAFF & Co. Extrait de Parfum  - S.O.T.B,249000,5.0,50000,https://www.tokopedia.com/saffnco/saff-co-extrait-de-parfum-s-o-t-b-1729546158305610083?extParam=src%3Dshop%26whid%3D8882951&aff_unique_id=&channel=others&chain_key=
SAFF & Co. Extrait de Parfum - OMNIA,189000,4.9,10000,https://www.tokopedia.com/saffnco/saff-co-extrait-de-parfum-omnia-1729386845796992355?extParam=src%3Dshop%26whid%3D8882951&aff_unique_id=&channel=others&chain_key=
SAFF & Co. Extrait de Parfum - TROUPE,189000,4.9,9000,https://www.tokopedia.com/saffnco/saff-co-extrait-de-parfum-troupe-1729386782924506467?extParam=whid%3D8882951%26src%3Dshop&aff_unique_id=&channel=others&chain_key=